Name,Symbol,ID,FlyBaseID,Chromosome,Start,End,Functional Class,Immune Process,Reference
18 Wheeler,18w,CG8896,FBgn0004364,2R,15999016,16004437,Signaling,Humoral,"Sackton et al., 2007"
Adgf-A,Adgf-A,CG5992,FBgn0036752,3L,17744831,17757258,Signaling,Cellular,"Novakova and Dolezal, 2011"
argonaute 2,AGO2,CG7439,FBgn0087035,3L,15547213,15554142,Anti-viral,Anti-viral,"Obbard et al., 2009"
akirin,akirin,CG8580,FBgn0082598,3L,7362943,7366811,Signaling,IMD,"Goto et al., 2008"
Alk,Alk,CG8250,FBgn0040505,2R,12512798,12527516,Signaling,Encapsulation; PO-Melanization,"Sackton et al., 2007; Obbard et al., 2009"
CG7158,Als2,CG7158,FBgn0037116,3L,21667494,21672855,Signaling,Encapsulation,"Howell et al., 2012"
andropin,Anp,CG1361,FBgn0000094,3R,26035670,26036003,Effector (AMP),IMD,"Obbard et al., 2009"
aop,aop,CG3166,FBgn0000097,2L,2156484,2178754,Signaling,JNK; Encapsulation,"Sackton et al., 2007"
Aos1,Aos1,CG12276,FBgn0029512,3R,8258255,8259544,Signaling,Toll,"Sackton et al., 2007"
aPKC,aPKC,CG42783,FBgn0261854,2R,10831963,10850474,Signaling,Toll; Encapsulation,"Obbard et al., 2009"
RfaBp,apolpp,CG11064,FBgn0087002,4,1085532,1097899,Signaling,Coagulation,"Reumer et al., 2009"
armitage,armi,CG11513,FBgn0041164,3L,3461317,3466303,Anti-viral,Anti-viral,"Obbard et al., 2009"
Ars2,Ars2,CG7843,FBgn0033062,2R,1968333,1973130,Anti-viral,Anti-viral,"Sabin et al., 2009"
Atf3,Atf3,CG11405,FBgn0028550,X,1136773,1168682,Signaling,Humoral; Epithelial,"Rynes et al., 2012"
att A,AttA,CG10146,FBgn0012042,2R,10634867,10635720,Effector (AMP),IMD,"Sackton et al., 2007; Obbard et al., 2009"
att B1,AttB,CG18372,FBgn0041581,2R,10636728,10637670,Effector (AMP),IMD,"Sackton et al., 2007; Obbard et al., 2009"
AttC,AttC,CG4740,FBgn0041579,2R,9281210,9282172,Effector (AMP),IMD,"Sackton et al., 2007; Obbard et al., 2009"
att D,AttD,CG7629,FBgn0038530,3R,13450990,13451808,Effector (AMP),IMD,"Sackton et al., 2007; Obbard et al., 2009"
aubergine,aub,CG6137,FBgn0000146,2L,10997819,11001476,Anti-viral,Anti-viral,"Obbard et al., 2009"
Bag of Marbles/BAM,bam,CG10422,FBgn0000158,3R,21068761,21070779,Signaling,Cellular,"Tukusumi et al., 2011"
Bendless/Ubc13,ben,CG18319,FBgn0000173,X,13890378,13893838,Signaling,IMD,"Sackton et al., 2007"
brm,brm,CG5942,FBgn0000212,3L,15963182,15975969,Signaling,Cellular,"Sackton et al., 2007"
basket,bsk,CG5680,FBgn0000229,2L,10247502,10250501,Signaling,JNK; Wound repair,"Sackton et al., 2007; Obbard et al., 2009"
cactus,cact,CG5848,FBgn0000250,2L,16313036,16326207,Signaling,Humoral; Phagocytosis,"Sackton et al., 2007; Obbard et al., 2009"
Cad96Ca/Stitcher,Cad96Ca,CG10244,FBgn0022800,3R,21023293,21034005,Signaling,Wound repair,"Wang et al., 2009"
CanB,CanB,CG4209,FBgn0010014,X,5226532,5228482,Signaling,Epithelial; ROS,"Ha et al., 2009"
Caspar,casp,CG8400,FBgn0034068,2R,11912133,11915666,Signaling,IMD,"Sackton et al., 2007"
Catsup,Catsup,CG10449,FBgn0002022,2L,19041862,19043614,Signaling,PO-Melanization,"Sackton et al., 2007"
Cdc42,Cdc42,CG12530,FBgn0010341,X,19591117,19593971,Signaling,Encapsulation; Phagocytosis; Wound repair,"Howell et al., 2012"
Cdk5,Cdk5,CG8203,FBgn0013762,2R,11457033,11458922,Signaling,Encapsulation,"Howell et al., 2012"
Cdk5a,Cdk5alpha,CG5387,FBgn0027491,2L,10308131,10310956,Signaling,Encapsulation,"Howell et al., 2012"
missing1,Cec-Psi1,,FBgn0000280,,,,,,
missing2,Cec2,,FBgn0000281,,,,,,
cecA1,CecA1,CG1365,FBgn0000276,3R,26036596,26036995,Effector (AMP),IMD,"Sackton et al., 2007; Obbard et al., 2009"
cecA2,CecA2,CG1367,FBgn0000277,3R,26037878,26038290,Effector (AMP),IMD,"Sackton et al., 2007; Obbard et al., 2009"
cecB,CecB,CG1878,FBgn0000278,3R,26039037,26039519,Effector (AMP),IMD,"Sackton et al., 2007; Obbard et al., 2009"
cecC,CecC,CG1373,FBgn0000279,3R,26042206,26042660,Effector (AMP),IMD,"Sackton et al., 2007; Obbard et al., 2009"
CG10345,CG10345,CG10345,FBgn0027562,3R,12422795,12430583,Recognition,Cellular,"Ye et al., 2009"
CG12780,CG12780,CG12780,FBgn0033301,2R,4439364,4439758,Recognition,JAK-STAT; Anti-viral,"Sackton et al., 2007"
CG13551,CG13551,CG13551,FBgn0040660,2R,19265389,19270947,Effector (AMP),Humoral,"Feng et al., 2009"
CG16756,CG16756,CG16756,FBgn0029765,X,5321550,5322250,Effector (Lysozyme),Humoral,"Sackton et al., 2007"
CG16799,CG16799,CG16799,FBgn0034538,2R,16540062,16542601,Effector (Lysozyme),Humoral,"Sackton et al., 2007"
CG18107,CG18107,CG18107,FBgn0034330,2R,14272072,14272416,Effector (Putative),Humoral,"Sackton et al., 2007; Obbard et al., 2009"
CG2736,CG2736,CG2736,FBgn0035090,2R,20860954,20862864,Recognition,Cellular,"Ye et al., 2009"
new1,CG43920,,FBgn0264541,,,,,,
CG4572,CG4572,CG4572,FBgn0038738,3R,15688239,15690115,Anti-viral,Anti-viral,"Saleh et al., 2009"
CG6426,CG6426,CG6426,FBgn0034162,2R,12756907,12759356,Effector (Lysozyme),Humoral,"Sackton et al., 2007"
CG6429,CG6429,CG6429,FBgn0046999,2R,12760520,12761260,Effector (Lysozyme),Humoral,"Sackton et al., 2007"
cher,cher,CG3937,FBgn0014141,3R,12917255,12951111,Signaling,Cellular,"Sackton et al., 2007"
CHKov1,CHKov1,CG10618,FBgn0045761,3R,21148878,21155038,Anti-viral,Anti-viral,"Magwire et al., 2001"
CHKov2,CHKov2,CG10675,FBgn0039328,3R,21155252,21156925,Anti-viral,Anti-viral,"Magwire et al., 2001"
Not4,Cnot4,CG31716,FBgn0051716,2L,10396716,10403206,Signaling,JAK-STAT,"Gronholm et al., 2012"
Corin,Corin,CG2105,FBgn0033192,2R,3427616,3451733,Signaling,Cellular; Coagulation,"Sackton et al., 2007"
new2,CR44404,,FBgn0265577,,,,,,
new3,CR45045,,FBgn0266405,,,,,,
missing3,CrebA,,FBgn0004396,,,,,,
croquemort,crq,CG4280,FBgn0015924,2L,448254,453024,Recognition,Phagocytosis,"Sackton et al., 2007"
daw,daw,CG16987,FBgn0031461,2L,2805261,2812376,Signaling,Toll; PO-Melanization,"Clark et al., 2011"
Dicer-2,Dcr-2,CG6493,FBgn0034246,2R,13462484,13469030,Anti-viral,Anti-viral,"Sackton et al., 2007; Obbard et al., 2009"
Glued,DCTN1-p150,CG9206,FBgn0001108,3L,13922487,13927756,Signaling,Encapsulation,"Howell et al., 2012"
Ddc,Ddc,CG10697,FBgn0000422,2L,19116483,19120306,Effector,Wound repair; PO-Melanization; ROS,"Sackton et al., 2007"
Deaf1,Deaf1,CG8567,FBgn0013799,3L,19811274,19823786,Signaling,Toll,"Reed et al., 2008"
defensin,Def,CG1385,FBgn0010385,2R,5941683,5942081,Effector (AMP),Toll,"Sackton et al., 2007; Obbard et al., 2009"
Dhc64C,Dhc64C,CG7507,FBgn0261797,3L,4807368,4825687,Signaling,Encapsulation,"Howell et al., 2012"
dia,dia,CG1768,FBgn0011202,2L,20758144,20768053,Signaling,Encapsulation,"Howell et al., 2012"
thread/Iap1,Diap1,CG12284,FBgn0260635,3L,16031510,16044134,Signaling,Cellular,"Matova and Anderson, 2010"
Iap2,Diap2,CG8293,FBgn0015247,2R,11819675,11822330,Signaling,IMD,"Huh et al., 2007"
Diedel,Diedel,CG11501,FBgn0039666,3R,25319574,25319989,Signaling,JAK-STAT; Anti-viral,"Sackton et al., 2007"
DIF,Dif,CG6794,FBgn0011274,2L,17413248,17433161,Signaling,IMD; Toll,"Sackton et al., 2007; Obbard et al., 2009"
dorsal,dl,CG6667,FBgn0260632,2L,17436830,17450364,Signaling,Toll; PO-Melanization,"Sackton et al., 2007"
dnr1,dnr1,CG12489,FBgn0260866,2R,18450657,18480469,Signaling,IMD,"Obbard et al., 2009"
dom,dom,CG9696,FBgn0020306,2R,17210935,17229352,Signaling,IMD; Cellular,"Sackton et al., 2007"
Domeless,dome,CG14226,FBgn0043903,X,19570094,19577551,Signaling,JAK-STAT,"Sackton et al., 2007; Obbard et al., 2009"
dpp,dpp,CG9885,FBgn0000490,2L,2428372,2459823,Signaling,Humoral; Cellular,"Sackton et al., 2007"
diptericin,DptA,CG12763,FBgn0004240,2R,14753270,14753765,Effector (AMP),IMD,"Sackton et al., 2007; Obbard et al., 2009"
dpt B,DptB,CG10794,FBgn0034407,2R,14754896,14755400,Effector (AMP),IMD,"Sackton et al., 2007; Obbard et al., 2009"
dredd,Dredd,CG7486,FBgn0020381,X,527655,529578,Signaling,IMD; JNK,"Sackton et al., 2007; Obbard et al., 2009"
drosocin,Dro,CG10816,FBgn0010388,2R,10633466,10634219,Effector (AMP),IMD,"Sackton et al., 2007; Obbard et al., 2009"
draper,drpr,CG2086,FBgn0027594,3L,1715595,1731107,Recognition,Phagocytosis,"Manaka et al., 2004"
drs,Drs,CG10810,FBgn0283461,3L,3369556,3369942,Effector (AMP),Toll,"Sackton et al., 2007; Obbard et al., 2009"
dro2,Drsl2,CG32279,FBgn0052279,3L,3314349,3314681,Effector (AMP),Toll,"Sackton et al., 2007; Obbard et al., 2009"
dro3,Drsl3,CG32283,FBgn0052283,3L,3314996,3315355,Effector (AMP),Toll,"Sackton et al., 2007; Obbard et al., 2009"
dro4,Drsl4,CG32282,FBgn0052282,3L,3315620,3315942,Effector (AMP),Toll,"Sackton et al., 2007; Obbard et al., 2009"
dro5,Drsl5,CG10812,FBgn0035434,3L,3316781,3317144,Effector (AMP),Toll,"Sackton et al., 2007; Obbard et al., 2009"
Dscam,Dscam1,CG17800,FBgn0033159,2R,3205429,3269404,Recognition,Phagocytosis,"Obbard et al., 2009"
Dsor1,Dsor1,CG15793,FBgn0010269,X,9141375,9144074,Signaling,Cellular,"Sackton et al., 2007"
Dsp1,Dsp1,CG12223,FBgn0278608,X,16333612,16340624,Signaling,Humoral,"Kim et al., 2007"
Duox,Duox,CG3131,FBgn0283531,2L,2815970,2830248,Effector (ROS),Epithelial; ROS,"Sackton et al., 2007"
NURF,E(bx),CG32346,FBgn0000541,3L,233926,246912,Signaling,JAK-STAT; Cellular,"Kwon et al., 2008"
ea,ea,CG4920,FBgn0000533,3R,11154451,11156130,Signaling,Humoral,"Sackton et al., 2007"
Eater,eater,CG6124,FBgn0243514,3R,22921589,22925401,Recognition,Phagocytosis; Anti-viral,"Chung and Kocks, 2011"
Eb1,Eb1,CG3265,FBgn0027066,2R,2636732,2643805,Signaling,Encapsulation,"Howell et al., 2012"
ecd,ecd,CG5714,FBgn0000543,3L,2263581,2265857,Signaling,Encapsulation,"Sorrentino et al., 2002"
ECSIT,ECSIT,CG10610,FBgn0028436,3R,1682307,1683636,Signaling,Toll,"Sackton et al., 2007"
Ect4,Ect4,CG43119,FBgn0262579,3L,8056974,8101936,Signaling,Epithelial,"Akhourayi et al., 2011"
edin,edin,CG32185,FBgn0052185,3L,17487980,17488400,Signaling,IMD,"Gordon et al., 2008"
edl,edl,CG15085,FBgn0023214,2R,14555032,14561041,Signaling,Cellular,"Sackton et al., 2007; Obbard et al., 2009"
effete,eff,CG7425,FBgn0011217,3R,10558136,10567041,Signaling,IMD,"Paquette et al., 2010"
Egfr,Egfr,CG10079,FBgn0003731,2R,17409925,17447482,Signaling,Cellular,"Sackton et al., 2007"
egghead,egh,CG9659,FBgn0001404,X,2482536,2493144,Anti-viral,Anti-viral,"Saleh et al., 2009"
eiger,egr,CG12919,FBgn0033483,2R,5965871,5971715,Signaling,JNK; PO-Melanization,"Mabery and Schneider, 2010"
emb,emb,CG13387,FBgn0020497,2L,8403573,8408853,Signaling,Toll,"Sackton et al., 2007"
emp,emp,CG2727,FBgn0010435,2R,20863979,20872321,Recognition,Cellular,"Sackton et al., 2007"
enok,enok,CG11290,FBgn0034975,2R,19986733,19994555,Signaling,JAK-STAT,"Kallio et al., 2010"
Eph,Eph,CG1511,FBgn0025936,4,631310,643096,Signaling,Encapsulation,"Howell et al., 2012"
Ephrin,Ephrin,CG1862,FBgn0040324,4,592381,600748,Signaling,Encapsulation,"Howell et al., 2012"
eye transformer,et,CG14225,FBgn0031055,X,19566345,19569924,Signaling,JAK-STAT; Encapsulation,"Sackton et al., 2007"
Exn,Exn,CG42665,FBgn0261547,3L,16963113,16987488,Signaling,Encapsulation,"Howell et al., 2012"
dFADD/BG4,Fadd,CG12297,FBgn0038928,3R,17860177,17861339,Signaling,IMD,"Sackton et al., 2007; Obbard et al., 2009"
Fer2LCH,Fer2LCH,CG1469,FBgn0015221,3R,26213526,26216306,Effector,Other/Unknown,"Karlsson et al., 2004"
Flotillin2,Flo2,CG32593,FBgn0264078,X,14733409,14827979,Signaling,Encapsulation,"Howell et al., 2012"
Fondue,fon,CG15825,FBgn0032773,2L,19383138,19386205,Effector,Coagulation,"Sackton et al., 2007"
Gadd45,Gadd45,CG11086,FBgn0033153,2R,3136666,3138160,Signaling,JNK,"Stramer et al., 2008"
G protein alpha49B,Galphaq,CG17759,FBgn0004435,2R,8500245,8510702,Signaling,Epithelial; ROS,"Ha et al., 2009"
GATAe,GATAe,CG10278,FBgn0038391,3R,11834827,11844855,Signaling,Epithelial,"Senger et al., 2006"
Ggamma1,Ggamma1,CG8261,FBgn0004921,2R,4788909,4792296,Other,Wound repair,"Lesch et al., 2010"
CG13422,GNBP-like3,CG13422,FBgn0034511,2R,16413800,16414330,Recognition,Humoral,"Sackton et al., 2007"
GNBP1,GNBP1,CG6895,FBgn0040323,3L,18668900,18670976,Recognition,Toll,"Sackton et al., 2007; Obbard et al., 2009"
GNBP2,GNBP2,CG4144,FBgn0040322,3L,18666574,18668513,Recognition,Humoral,"Sackton et al., 2007; Obbard et al., 2009"
GNBP3,GNBP3,CG5008,FBgn0040321,3L,8948121,8949651,Recognition,Toll,"Sackton et al., 2007; Obbard et al., 2009"
Gp150,Gp150,CG5820,FBgn0013272,2R,18205167,18216921,Recognition,Cellular,"Korayem et al., 2004"
Gprk2,Gprk2,CG17998,FBgn0261988,3R,27230967,27283595,Signaling,Toll,"Valanne et al., 2010"
Grass,grass,CG5896,FBgn0039494,3R,22983670,22985503,Signaling,Toll,"Sackton et al., 2007; Obbard et al., 2009"
Grainy head,grh,CG42311,FBgn0259211,2R,13689751,13730325,Signaling,Wound repair,"Kim and McGinnis, 2010"
Hayan,Hayan,CG6361,FBgn0030925,X,18374016,18377805,Signaling,Wound repair; PO-Melanization,"Sackton et al., 2007"
Helicase89B,Hel89B,CG4261,FBgn0022787,3R,11799020,11809173,Signaling,IMD; Toll,"Sackton et al., 2007"
hemipterous/hep,hep,CG4353,FBgn0010303,X,12973238,12984467,Signaling,JNK; Wound repair; PO-Melanization,"Sackton et al., 2007; Obbard et al., 2009"
Hml,Hml,CG7002,FBgn0029167,3L,13839154,13853101,Effector,Cellular; Coagulation; Wound repair,"Sackton et al., 2007"
hopscotch/Jak,hop,CG1594,FBgn0004864,X,11254963,11262131,Signaling,JAK-STAT; Anti-viral,"Sackton et al., 2007; Obbard et al., 2009"
Hrs,Hrs,CG2903,FBgn0031450,2L,2739986,2743377,Signaling,Toll; Cellular,"Huang et al., 2010"
ird5/IKKbeta,IKKbeta,CG4201,FBgn0024222,3R,11872069,11875143,Signaling,IMD,"Sackton et al., 2007; Obbard et al., 2009"
IM1,IM1,CG18108,FBgn0034329,2R,14271454,14271883,Effector (Putative),Toll,"Sackton et al., 2007; Obbard et al., 2009"
missing4,IM14,,FBgn0067905,,,,,,
IM2,IM2,CG18106,FBgn0025583,2R,14274107,14274535,Effector (Putative),Toll,"Sackton et al., 2007; Obbard et al., 2009"
IM23,IM23,CG15066,FBgn0034328,2R,14270209,14270740,Effector (Putative),Toll,"Sackton et al., 2007"
IM3,IM3,CG16844,FBgn0040736,2R,14275400,14276239,Effector (Putative),Toll,"Sackton et al., 2007; Obbard et al., 2009"
IM4,IM4,CG15231,FBgn0040653,2R,16756350,16756826,Effector (Putative),Humoral,"Sackton et al., 2007"
imd,imd,CG5576,FBgn0013983,2R,14297301,14299037,Signaling,IMD,"Sackton et al., 2007"
IM10,IMPPP,CG18279,FBgn0283462,2R,13407011,13408358,Effector (Putative),Humoral,"Sackton et al., 2007"
IRC,Irc,CG8913,FBgn0038465,3R,12828597,12832930,Effector (ROS),Epithelial; ROS,"Sackton et al., 2007"
itgBv,Itgbn,CG1762,FBgn0010395,2L,21053033,21058044,Recognition,Encapsulation; Phagocytosis,"Howell et al., 2012"
Jafrac1,Jafrac1,CG1633,FBgn0040309,X,13223857,13226027,Effector (ROS),ROS,"Sackton et al., 2007"
Jafrac2,Jafrac2,CG1274,FBgn0040308,3L,3042359,3044174,Effector (ROS),ROS,"Sackton et al., 2007"
Jra/AP1,Jra,CG2275,FBgn0001291,2R,5983985,5986061,Signaling,IMD; JNK; Phagocytosis; Wound repair,"Sackton et al., 2007"
kay,kay,CG33956,FBgn0001297,3R,25592497,25619838,Signaling,IMD; JNK; Wound repair,"Sackton et al., 2007"
Keap1,Keap1,CG3962,FBgn0038475,3R,12899664,12905667,Signaling,Other/Unknown,"Sykiotis and Bohmann, 2008"
ken,ken,CG5575,FBgn0011236,2R,19757796,19764965,Signaling,JAK-STAT,"Kwon et al., 2008"
kenny,key,CG16910,FBgn0041205,2R,20673037,20674934,Signaling,IMD; Toll; Anti-viral,"Sackton et al., 2007; Obbard et al., 2009"
kkv,kkv,CG2666,FBgn0001311,3R,1203815,1218588,Effector,Wound repair,"Pearson et al., 2009"
knot,kn,CG10197,FBgn0001319,2R,10660155,10694566,Signaling,Cellular,"Sackton et al., 2007"
LanA,LanA,CG10236,FBgn0002526,3L,6196931,6211122,Recognition,Encapsulation,"Howell et al., 2012"
lectin-24A,lectin-24A,CG3410,FBgn0040104,2L,3716800,3717773,Recognition,Cellular,"Keebaugh and Schlenke, 2012"
lectin-37Da,lectin-37Da,CG33532,FBgn0053532,2L,19418317,19419029,Recognition,Encapsulation,"Ao et al., 2007"
lectin-37Db,lectin-37Db,CG33533,FBgn0053533,2L,19419075,19419767,Recognition,Encapsulation,"Ao et al., 2007"
lectin-galC1,Lectin-galC1,CG9976,FBgn0016675,2L,19417447,19418274,Recognition,Cellular,"Tanji, et al. 2006"
licorne/Mkk3,lic,CG12244,FBgn0261524,X,12985178,12988019,Signaling,Epithelial; ROS,"Ha et al., 2009"
Listericin,Listericin,CG9080,FBgn0033593,2R,7129250,7129699,Effector (AMP),IMD; JAK-STAT; Anti-viral,"Goto et al., 2010"
lola,lola,CG12052,FBgn0283521,2R,6369399,6430796,Signaling,IMD; Toll; Phagocyosis,"Kleino et al., 2005; Ramet et al., 2002"
LpR1,LpR1,CG31094,FBgn0066101,3R,21567070,21588827,Signaling,Humoral,"Soukup et al., 2009"
lwr/Ubc9,lwr,CG3018,FBgn0010602,2L,540599,542580,Signaling,Toll; Cellular,"Sackton et al., 2007"
lysB,LysB,CG1179,FBgn0004425,3L,1207371,1207981,Effector (Lysozyme),Other/Unknown,"Sackton et al., 2007"
lysD,LysD,CG9118,FBgn0004427,3L,1210717,1211196,Effector (Lysozyme),Other/Unknown,"Sackton et al., 2007"
lysE,LysE,CG1180,FBgn0004428,3L,1212827,1213406,Effector (Lysozyme),Other/Unknown,"Sackton et al., 2007"
lysP,LysP,CG9116,FBgn0004429,3L,1218082,1218696,Effector (Lysozyme),Other/Unknown,"Sackton et al., 2007"
lysX,LysX,CG9120,FBgn0004431,3L,1194739,1195302,Effector (Lysozyme),Other/Unknown,"Sackton et al., 2007"
lozenge/lz,lz,CG1689,FBgn0002576,X,9178682,9197669,Signaling,Cellular; Wound repair; PO-Melanization,"Sackton et al., 2007"
mask,mask,CG33106,FBgn0043884,3R,20056284,20075970,Signaling,IMD; Cellular,"Sackton et al., 2007"
mbc,mbc,CG10379,FBgn0015513,3R,19607487,19627356,Other,Wound repair,"Lesch et al., 2010"
mbo,mbo,CG6819,FBgn0026207,3R,8502209,8504774,Signaling,IMD,"Sackton et al., 2007"
Mekk1,Mekk1,CG7717,FBgn0024329,3R,14558828,14569316,Signaling,Other/Unknown,"Sackton et al., 2007"
Mkk4,Mkk4,CG9738,FBgn0024326,3R,4471894,4476518,Signaling,JNK; Wound repair,"Sackton et al., 2007"
Mkp3,Mkp3,CG14080,FBgn0036844,3L,19059255,19079526,Signaling,Epithelial; ROS,"Ha et al., 2009"
Mmp1,Mmp1,CG4859,FBgn0035049,2R,20558817,20575707,Signaling,JNK; Wound repair,"Stevens and Page-McCaw, 2012"
modSP,modSP,CG31217,FBgn0051217,3R,12478168,12481384,Signaling,Toll,"Sackton et al., 2007"
myopic,mop,CG9311,FBgn0036448,3L,14762441,14769229,Signaling,Toll,"Huang et al., 2010"
MP1,MP1,CG1102,FBgn0027930,3R,133630,135557,Signaling,PO-Melanization; Epithelial,"Sackton et al., 2007; Obbard et al., 2009"
msn,msn,CG16973,FBgn0010909,3L,2554847,2586540,Effector,JNK; Wound repair,"Sackton et al., 2007"
Tl-3/MstProx,MstProx,CG1149,FBgn0015770,3R,3191661,3195027,Signaling,Other/Unknown,"Sackton et al., 2007"
mtd,mtd,CG32464,FBgn0013576,3R,1095838,1176165,Signaling,IMD,"Wang et al., 2012"
metchnikowin,Mtk,CG8175,FBgn0014865,2R,11296351,11296618,Effector (AMP),Toll,"Sackton et al., 2007; Obbard et al., 2009"
mxc/multi sex combs,mxc,CG12124,FBgn0260789,X,9130834,9137500,Signaling,Cellular,"Remillieux-Leschelle et al., 2002"
Myd88,Myd88,CG2078,FBgn0033402,2R,5190328,5196227,Signaling,Toll,"Sackton et al., 2007; Obbard et al., 2009"
myospheroid,mys,CG1560,FBgn0004657,X,7955678,7964270,Recognition,Encapsulation,"Xavier and Williams, 2011"
Notch,N,CG3936,FBgn0004647,X,3028903,3066254,Signaling,JNK; JAK-STAT; Cellular; PO-Melanization,"Sackton et al., 2007"
Nec/spn43Ac,nec,CG1857,FBgn0002930,2R,3043982,3045746,Signaling,Toll,"Obbard et al., 2009"
nimA,NimA,CG42282,FBgn0261514,2L,13957539,13963381,Recognition,Phagocytosis,"Obbard et al., 2009"
nimB1,NimB1,CG33119,FBgn0027929,2L,13963507,13965088,Recognition,Phagocytosis,"Obbard et al., 2009"
nimB2,NimB2,CG31839,FBgn0028543,2L,13965012,13967018,Recognition,Phagocytosis,"Obbard et al., 2009"
nimB3,NimB3,CG34003,FBgn0054003,2L,13967464,13967985,Recognition,Phagocytosis,"Obbard et al., 2009"
nimB4,NimB4,CG33115,FBgn0028542,2L,13968280,13969976,Recognition,Phagocytosis,"Obbard et al., 2009"
nimB5,NimB5,CG16873,FBgn0028936,2L,13970177,13972173,Recognition,Phagocytosis,"Obbard et al., 2009"
nimC1,NimC1,CG8942,FBgn0259896,2L,13973158,13976769,Recognition,Phagocytosis,"Obbard et al., 2009"
nimC2,NimC2,CG18146,FBgn0028939,2L,13980126,13983269,Recognition,Phagocytosis,"Obbard et al., 2009"
norpA,norpA,CG3620,FBgn0262738,X,4216659,4259417,Signaling,Epithelial; ROS,"Ha et al., 2009"
nitric oxide synthase,Nos,CG6713,FBgn0011676,2L,10804274,10837511,Signaling,IMD; ROS,"Sackton et al., 2007; Obbard et al., 2009"
Npc2g,Npc2g,CG11314,FBgn0039800,3R,26570327,26570985,Effector,Coagulation; Wound repair,"Karlsson et al., 2004"
Npc2h,NPC2h,CG11315,FBgn0039801,3R,26571201,26572012,Effector,Coagulation; Wound repair,"Karlsson et al., 2004"
Ntf-2,Ntf-2,CG1740,FBgn0031145,X,20906496,20912494,Signaling,Humoral,"Sackton et al., 2007"
Nubbin,nub,CG34395,FBgn0085424,2L,12587625,12628135,Signaling,Epithelial,"Dantoft et al., 2013"
Nup214,Nup214,CG3820,FBgn0010660,2R,18806460,18812265,Signaling,Toll,"Sackton et al., 2007"
Mpk2/p38a,p38a,CG5475,FBgn0015765,3R,19976138,19978043,Signaling,Other/Unknown,"Sackton et al., 2007"
p38b,p38b,CG7393,FBgn0024846,2L,13780689,13782611,Signaling,Other/Unknown,"Sackton et al., 2007"
p38c,p38c,CG33338,FBgn0267339,3R,24149020,24150203,Signaling,PO-Melanization; ROS,"Davis et al., 2008"
p53,p53,CG33336,FBgn0039044,3R,18875379,18879804,Anti-viral,Anti-viral,"Liu et al., 2013"
Pebp1,Pebp1,CG18594,FBgn0038973,3R,18291756,18292401,Signaling,JAK-STAT; Coagulation; PO-Melanization,"Reumer et al., 2009"
peste,pes,CG7228,FBgn0031969,2L,7986786,7994184,Recognition,Phagocytosis,"Sackton et al., 2007"
PGRP-LA,PGRP-LA,CG32042,FBgn0035975,3L,9327432,9331436,Recognition,IMD; Epithelial,"Sackton et al., 2007; Obbard et al., 2009"
PGRP-LB,PGRP-LB,CG14704,FBgn0037906,3R,7278571,7286274,Recognition,IMD; Epithelial,"Sackton et al., 2007; Obbard et al., 2009"
PGRP-LC,PGRP-LC,CG4432,FBgn0035976,3L,9331910,9341436,Recognition,IMD; Phagocytosis; Epithelial,"Sackton et al., 2007; Obbard et al., 2009"
PGRP-LD,PGRP-LD,CG33717,FBgn0260458,3L,5773151,5777785,Recognition,IMD; Epithelial,"Obbard et al., 2009"
PGRP-LE,PGRP-LE,CG8995,FBgn0030695,X,15695186,15697798,Recognition,IMD; Epithelial,"Sackton et al., 2007; Obbard et al., 2009"
PGRP-LF,PGRP-LF,CG4437,FBgn0035977,3L,9342709,9344589,Recognition,IMD; Epithelial,"Sackton et al., 2007; Obbard et al., 2009"
PGRP-SA,PGRP-SA,CG11709,FBgn0030310,X,11455676,11456812,Recognition,Toll,"Sackton et al., 2007; Obbard et al., 2009"
PGRP-SB1,PGRP-SB1,CG9681,FBgn0043578,3L,16720399,16721089,Recognition,Humoral,"Sackton et al., 2007; Obbard et al., 2009"
PGRP-SC1a,PGRP-SC1a,CG14746,FBgn0043576,2R,4597238,4597825,Recognition,IMD; Phagocytosis; Epithelial,"Sackton et al., 2007; Obbard et al., 2009"
PGRP-SC1b,PGRP-SC1b,CG8577,FBgn0033327,2R,4600951,4602599,Recognition,IMD; Epithelial,"Sackton et al., 2007"
PGRP-SC2,PGRP-SC2,CG14745,FBgn0043575,2R,4604455,4605200,Recognition,IMD,"Sackton et al., 2007; Obbard et al., 2009"
PGRP-SD,PGRP-SD,CG7496,FBgn0035806,3L,7644280,7645000,Recognition,Toll,"Sackton et al., 2007; Obbard et al., 2009"
pirk,pirk,CG15678,FBgn0034647,2R,17548472,17549772,Signaling,IMD; Epithelial,"Lhocine et al., 2008; Aggarwal et al., 2008"
piwi,piwi,CG6122,FBgn0004872,2L,10982205,10987420,Anti-viral,Anti-viral,"Chotkowski et al., 2008"
Pale,ple,CG10118,FBgn0005626,3L,6707138,6712625,Effector,Wound repair; PO-Melanization,"Pearson et al., 2009"
pellino,Pli,CG5212,FBgn0025574,3R,19685884,19715774,Signaling,Toll,"Haghayeghi et al., 2010"
pelle,pll,CG5974,FBgn0010441,3R,23076853,23078904,Signaling,Toll,"Sackton et al., 2007; Obbard et al., 2009"
pannier,pnr,CG3978,FBgn0003117,3R,11851921,11867526,Signaling,Toll,"Valanne et al., 2010"
pnt,pnt,CG17077,FBgn0003118,3R,19115953,19171889,Signaling,Cellular,"Sackton et al., 2007; Obbard et al., 2009"
poly,poly,CG9829,FBgn0086371,3R,9187538,9192632,Signaling,Encapsulation,"Howell et al., 2012"
POSH,POSH,CG4909,FBgn0040294,2R,13456237,13459827,Signaling,IMD; JNK,"Sackton et al., 2007"
proPO-A1,PPO1,CG5779,FBgn0283437,2R,17887220,17889973,Effector,Wound repair; PO-Melanization,"Obbard et al., 2009"
proPO45,PPO2,CG8193,FBgn0033367,2R,4929766,4932214,Effector,Coagulation; Wound repair; PO-Melanization,"Sackton et al., 2007"
persephone,psh,CG6367,FBgn0030926,X,18378520,18380954,Signaling,Toll,"Sackton et al., 2007; Obbard et al., 2009"
psidin,psidin,CG4845,FBgn0243511,3R,15847426,15852204,Signaling,Humoral; Phagocytosis,"Brennan et al., 2007"
pastrel,pst,CG8588,FBgn0035770,3L,7350375,7353363,Anti-viral,Anti-viral,"Maguire et al., 2012"
Pten,Pten,CG5671,FBgn0026379,2L,10256319,10261049,Signaling,Encapsulation,"Howell et al., 2012"
Punch,Pu,CG9441,FBgn0003162,2R,17062820,17070113,Signaling,IMD; JNK; PO-Melanization,"Sackton et al., 2007"
Puckered,puc,CG7850,FBgn0243512,3R,3931054,3948016,Signaling,JNK; Wound repair,"Delaney et al., 2006"
Pvf1,Pvf1,CG7103,FBgn0030964,X,18726715,18736934,Signaling,Cellular; Wound repair,"Sackton et al., 2007"
Pvf2,Pvf2,CG13780,FBgn0031888,2L,7069536,7084635,Signaling,Cellular,"Sackton et al., 2007"
Pvf3,Pvf3,CG34378,FBgn0085407,2L,7098188,7157695,Signaling,Cellular,"Wood et al., 2006"
Pvr,Pvr,CG8222,FBgn0032006,2L,8220980,8239878,Signaling,IMD; Cellular; Wound repair,"Sackton et al., 2007; Obbard et al., 2009"
Putzig,pzg,CG7752,FBgn0259785,3L,21279199,21283410,Signaling,JAK-STAT,"Kugler et al., 2011"
r2d2,r2d2,CG7138,FBgn0031951,2L,7800147,7802098,Anti-viral,Anti-viral,"Sackton et al., 2007; Obbard et al., 2009"
Rab7,Rab7,CG5915,FBgn0015795,3R,19818730,19821174,Effector,Phagocytosis,"Philips et al., 2008"
Rac1,Rac1,CG2248,FBgn0010333,3L,1300879,1302683,Signaling,JNK; Encapsulation; Phagocytosis; Wound repair,"Sackton et al., 2007; Obbard et al., 2009"
Rac2,Rac2,CG8556,FBgn0014011,3L,7426749,7428290,Signaling,IMD; JNK; Encapsulation; Phagocytosis; Wound,"Sackton et al., 2007; Obbard et al., 2009"
phl,Raf,CG2845,FBgn0003079,X,2189499,2237903,Signaling,Cellular,"Sackton et al., 2007; Obbard et al., 2009"
Rap1,Rap1,CG1956,FBgn0004636,3L,1859115,1862239,Signaling,Cellular,"Siekhaus et al., 2010"
Ras85D,Ras85D,CG9375,FBgn0003205,3R,5336283,5338789,Signaling,Cellular,"Sackton et al., 2007"
ref(2)P,ref(2)P,CG10360,FBgn0003231,2L,19542468,19545548,Signaling,Toll; Anti-viral,"Sackton et al., 2007; Obbard et al., 2009"
relish,Rel,CG11992,FBgn0014018,3R,4869905,4873699,Signaling,IMD,"Sackton et al., 2007; Obbard et al., 2009"
Rho1,Rho1,CG8416,FBgn0014020,2R,11990192,11994734,Signaling,Cellular; Wound repair; PO-Melanization,"Stramer et al., 2005"
RhoBTB,RhoBTB,CG5701,FBgn0036980,3L,20369342,20375498,Signaling,Encapsulation,"Howell et al., 2012"
RhoGEF3,RhoGEF3,CG43976,FBgn0264707,3L,277437,305292,Signaling,Encapsulation,"Howell et al., 2012"
RhoL,RhoL,CG9366,FBgn0014380,3R,5322823,5328303,Signaling,Encapsulation,"Siekhaus et al., 2010"
rl/rolled/ERK,rl,CG12559,FBgn0003256,2RHet,198176,251950,Signaling,Wound repair,"Kim and McGinnis, 2010"
Rm62,Rm62,CG10279,FBgn0003261,3R,1826148,1834301,Anti-viral,Anti-viral,"Obbard et al., 2009"
santa-maria,santa-maria,CG12789,FBgn0025697,2L,7445355,7451167,Recognition,Cellular,"Wertheim et al., 2005"
scb,scb,CG8095,FBgn0003328,2R,11136289,11146003,Recognition,Phagocytosis,"Nonaka et al., 2013"
Serrate,Ser,CG6127,FBgn0004197,3R,22997812,23019989,Signaling,Cellular; PO-Melanization,"Sackton et al., 2007"
Shc,Shc,CG3715,FBgn0015296,3L,9420110,9421771,Signaling,Encapsulation,"Howell et al., 2012"
shrub,shrb,CG8055,FBgn0086656,2R,5029651,5031419,Other,Phagocytosis,"Philips et al., 2008"
sick,sick,CG42589,FBgn0263873,2L,19796365,19958424,Signaling,IMD,"Obbard et al., 2009"
slpr,slpr,CG2272,FBgn0030018,X,8064408,8071218,Signaling,JNK; Wound repair,"Sackton et al., 2007"
Socs36E,Socs36E,CG15154,FBgn0041184,2L,18138675,18152417,Signaling,JAK-STAT,"Sackton et al., 2007"
Sp7,Sp7,CG3066,FBgn0037515,3R,3585508,3589295,Signaling,PO-Melanization; Epithelial,"Sackton et al., 2007; Obbard et al., 2009"
SPE,SPE,CG16705,FBgn0039102,3R,19511977,19513869,Signaling,Toll,"Sackton et al., 2007; Obbard et al., 2009"
spheroide,spheroide,CG9675,FBgn0030774,X,16594479,16596005,Signaling,Toll,"Sackton et al., 2007; Obbard et al., 2009"
sphinx1,sphinx1,CG32383,FBgn0052383,3L,7431521,7432505,Signaling,Toll,"Sackton et al., 2007"
sphinx2,sphinx2,CG32382,FBgn0052382,3L,7432799,7433833,Signaling,Toll,"Sackton et al., 2007; Obbard et al., 2009"
Spirit,spirit,CG2056,FBgn0030051,X,8465132,8467626,Signaling,Toll,"Sackton et al., 2007; Obbard et al., 2009"
spn-E,spn-E,CG3158,FBgn0003483,3R,11663141,11670137,Anti-viral,Anti-viral,"Chotkowski et al., 2008"
Serpin 27A,Spn27A,CG11331,FBgn0028990,2L,6671065,6673347,Signaling,PO-Melanization,"Sackton et al., 2007; Obbard et al., 2009"
Serpin 28D,Spn28Dc,CG7219,FBgn0031973,2L,8004548,8007210,Signaling,PO-Melanization,"Scherfer et al., 2008"
Spn1,Spn42Dd,CG9456,FBgn0028988,2R,2770785,2772378,Signaling,Toll,"Fullaondo et al., 2011"
Spn77Ba,Spn77Ba,CG6680,FBgn0262057,3L,20310290,20313047,Signaling,PO-Melanization; Epithelial,"Tang et al., 2008"
spn5,Spn88Ea,CG18525,FBgn0028984,3R,11028791,11032169,Signaling,Toll; PO-Melanization,"Ahmad et al., 2009"
spatzle,spz,CG6134,FBgn0003495,3R,22890712,22895792,Signaling,Toll,"Sackton et al., 2007; Obbard et al., 2009"
Sr-CIV,Sr-CIV,CG3212,FBgn0031547,2L,3522521,3524056,Recognition,Phagocytosis,"Sackton et al., 2007; Obbard et al., 2009"
Sr-CI,Sr-Cl,CG4099,FBgn0014033,2L,4121702,4124006,Recognition,Phagocytosis; Anti-viral,"Sackton et al., 2007; Obbard et al., 2009"
Sr-CII ,Sr-Cll,CG8856,FBgn0020377,2R,8096398,8099660,Recognition,Phagocytosis,"Sackton et al., 2007; Obbard et al., 2009"
serpent,srp,CG3992,FBgn0003507,3R,11811874,11829803,Signaling,Cellular; PO-Melanization,"Sackton et al., 2007"
Stam,Stam,CG6521,FBgn0027363,2L,10858536,10862006,Signaling,Cellular; Wound repair,"Sackton et al., 2007"
STAT92E,Stat92E,CG4257,FBgn0016917,3R,16361045,16378033,Signaling,Humoral; JAK-STAT; Epithelial,"Sackton et al., 2007; Obbard et al., 2009"
Su(H),Su(H),CG3497,FBgn0004837,2L,15039488,15043334,Signaling,Cellular; PO-Melanization,"Sackton et al., 2007"
Su(var)2-10,Su(var)2-10,CG8068,FBgn0003612,2R,5003627,5009505,Signaling,JAK-STAT,"Sackton et al., 2007"
Tab2,Tab2,CG7417,FBgn0086358,2R,15180034,15192013,Signaling,IMD; JNK,"Zhuang et al., 2006"
Taf1,Taf1,CG17603,FBgn0010355,3R,2472611,2481770,Signaling,JAK-STAT,"Kallio et al., 2010"
Tak1,Tak1,CG18492,FBgn0026323,X,20386935,20395955,Signaling,IMD; JNK; Wound repair; Anti-viral,"Sackton et al., 2007; Obbard et al., 2009"
Takl2,Takl2,CG4803,FBgn0039015,3R,18558078,18559573,Signaling,Wound repair,"Lesch et al., 2010"
tamo,tamo,CG4057,FBgn0041582,2R,20014161,20021074,Signaling,Toll,"Sackton et al., 2007"
Toll-5 (tehao),Tehao,CG7121,FBgn0026760,2L,13435622,13439333,Signaling,Toll,"Sackton et al., 2007; Obbard et al., 2009"
TepI,Tep1,CG18096,FBgn0041183,2L,15888640,15893811,Recognition,Toll; JAK-STAT; Phagocytosis,"Sackton et al., 2007; Obbard et al., 2009"
TepII,Tep2,CG7052,FBgn0041182,2L,7693727,7701601,Recognition,Phagocytosis,"Sackton et al., 2007; Obbard et al., 2009"
TepIII,Tep3,CG7068,FBgn0041181,2L,7702805,7710690,Recognition,Phagocytosis,"Sackton et al., 2007; Obbard et al., 2009"
TepIV,Tep4,CG10363,FBgn0041180,2L,19548507,19556451,Recognition,Humoral; Cellular,"Sackton et al., 2007; Obbard et al., 2009"
Transglutaminase,Tg,CG7356,FBgn0031975,2L,8011405,8026898,Effector,Coagulation,"Lindgren et al., 2008"
Thor,Thor,CG8846,FBgn0261560,2L,3478434,3479612,Signaling,Humoral; Phagocytosis,"Bernal and Kimbrell, 2000"
Tig,Tig,CG11527,FBgn0011722,2L,6415179,6423310,Other,Cellular; Coagulation,"Sackton et al., 2007"
Toll,Tl,CG5490,FBgn0262473,3R,22624763,22668125,Signaling,Toll,"Sackton et al., 2007; Obbard et al., 2009"
TM9SF4,TM9SF4,CG7364,FBgn0028541,2L,13746952,13773905,Recognition,Encapsulation; Phagocytosis; PO-Melanization,"Bergeret et al., 2008"
Toll-6,Toll-6,CG7250,FBgn0036494,3L,15329792,15337417,Signaling,Other/Unknown,"Sackton et al., 2007"
Toll-7,Toll-7,CG8595,FBgn0034476,2R,15714083,15720478,Recognition,Cellular; Epithelial; Anti-viral,"Sackton et al., 2007"
Toll-9,Toll-9,CG5528,FBgn0036978,3L,20354943,20359824,Signaling,Humoral,"Sackton et al., 2007; Obbard et al., 2009"
Tollo/Toll-8,Tollo,CG6890,FBgn0029114,3L,15228719,15235932,Signaling,Epithelial,"Sackton et al., 2007"
Turandot A (TotA),TotA,CG31509,FBgn0028396,3R,16696758,16697422,Effector (Putative),IMD; JAK-STAT,"Sackton et al., 2007; Obbard et al., 2009"
TotB,TotB,CG5609,FBgn0038838,3R,16699660,16700244,Effector (Putative),Other/Unknown,"Sackton et al., 2007; Obbard et al., 2009"
TotC,TotC,CG31508,FBgn0044812,3R,16698710,16699302,Effector (Putative),JAK-STAT,"Sackton et al., 2007; Obbard et al., 2009"
TotM,TotM,CG14027,FBgn0031701,2L,5329857,5330464,Anti-viral,IMD; JAK-STAT; Anti-viral,"Sackton et al., 2007; Obbard et al., 2009"
TotX,TotX,CG31193,FBgn0044810,3R,16730639,16731240,Effector (Putative),Other/Unknown,"Sackton et al., 2007; Obbard et al., 2009"
Traf1,Traf4,CG3048,FBgn0026319,2L,4361925,4380716,Signaling,JNK,"Sackton et al., 2007; Obbard et al., 2009"
Transferrin 1,Tsf1,CG6186,FBgn0022355,X,18281117,18284377,Effector,Other/Unknown,"Sackton et al., 2007"
Tsf2,Tsf2,CG10620,FBgn0036299,3L,12523536,12526824,Effector,Other/Unknown,"Sackton et al., 2007"
Transferrin 3,Tsf3,CG3666,FBgn0034094,2R,12114006,12117374,Effector,Other/Unknown,"Sackton et al., 2007"
Tsg101,TSG101,CG9712,FBgn0036666,3L,16835394,16837685,Signaling,JAK-STAT; Phagocytosis,"Philips et al., 2008"
tube,tub,CG10520,FBgn0003882,3R,213464,215535,Signaling,Toll,"Sackton et al., 2007; Obbard et al., 2009"
Uba2,Uba2,CG7528,FBgn0029113,3L,8118427,8120918,Signaling,Toll,"Sackton et al., 2007"
UEV1a,Uev1A,CG10640,FBgn0035601,3L,5355984,5359325,Signaling,IMD,"Sackton et al., 2007"
Ulp1,Ulp1,CG12359,FBgn0027603,X,19096136,19102220,Signaling,Toll,"Sackton et al., 2007"
os/upd1,upd1,CG5993,FBgn0004956,X,18199387,18203251,Signaling,JAK-STAT,"Sackton et al., 2007"
upd3,upd3,CG33542,FBgn0053542,X,18171266,18178629,Signaling,JAK-STAT; Epithelial,"Sackton et al., 2007"
ush,ush,CG2762,FBgn0003963,2L,476220,540560,Signaling,Toll; Cellular,"Sackton et al., 2007"
Vago,Vago,CG2081,FBgn0030262,X,10983323,10984140,Anti-viral,Anti-viral,"Deddouche et al., 2008"
vav,Vav,CG7893,FBgn0040068,X,19155853,19167313,Signaling,Encapsulation,"Howell et al., 2012"
Victoria (TotE),Victoria,CG33117,FBgn0053117,2L,19912938,19913516,Effector,Other/Unknown,"Sackton et al., 2007; Obbard et al., 2009"
vig,vig,CG4170,FBgn0024183,2L,15062931,15070316,Anti-viral,Anti-viral,"Obbard et al., 2009"
vir-1,vir-1,CG31764,FBgn0043841,2L,12403270,12423439,Anti-viral,JAK-STAT; Anti-viral,"Obbard et al., 2009"
Vps16A,Vps16A,CG8454,FBgn0285911,3R,9267019,9270224,Other,Phagocytosis,"Akbar et al., 2011"
Vps16B,Vps16B,CG18112,FBgn0039702,3R,25640643,25642173,Other,Phagocytosis,"Akbar et al., 2011"
Vps28,Vps28,CG12770,FBgn0021814,2R,3966374,3967546,Other,Phagocytosis,"Philips et al., 2008"
Vps33B,Vps33B,CG5127,FBgn0039335,3R,21299212,21301478,Other,Phagocytosis,"Akbar et al., 2011"
Vps4,Vps4,CG6842,FBgn0283469,X,17907692,17911097,Other,Phagocytosis,"Philips et al., 2008"
wengen,wgn,CG6531,FBgn0030941,X,18518075,18528941,Signaling,JNK,"Berkey et al., 2009"
wisp,wisp,CG15737,FBgn0260780,X,11787976,11793953,Signaling,Toll,"Valanne et al., 2010"
yellow-f,yellow-f,CG18550,FBgn0041710,3R,8817171,8818923,Effector,PO-Melanization,"Sackton et al., 2007"
yellow-f2,yellow-f2,CG8063,FBgn0038105,3R,8819117,8820869,Effector,PO-Melanization,"Sackton et al., 2007"
Yantar,ytr,CG18426,FBgn0021895,2R,19734684,19739003,Signaling,Cellular,"Sackton et al., 2007"
Zfh1,zfh1,CG1322,FBgn0004606,3R,26591648,26614205,Signaling,Cellular,"Frandsen et al., 2008"
Zir,Zir,CG11376,FBgn0031216,2L,94739,102086,Signaling,Encapsulation,"Howell et al., 2012"